,AMVSAD,AHD-MSDA
0,0.010459626093506813,0.0067036887630820274
