,AMVSAD,AHD-MSDA
0,0.028158007189631462,0.08012115955352783
