,AMVSAD,AHD-MSDA
0,0.010459626093506813,0.0067036887630820274
1,0.009912319481372833,0.00732092559337616
2,0.00948754046112299,0.007769420277327299
3,0.02564813382923603,0.030466202646493912
4,0.021202627569437027,0.023141130805015564
5,0.02032715082168579,0.012688901275396347
6,0.013339859433472157,0.009791296906769276
7,0.013001416809856892,0.008525681681931019
8,0.011739865876734257,0.008486463688313961
9,0.009671485982835293,0.0066732801496982574
